"EA-Type"	"EA-Package"	"EA-Name"	"EA-GUID"	"EA-Parent"	"EA-Domain"	"EA-Domain-GUID"	"EA-Range"	"ap-label-nl"	"ap-definition-nl"	"ap-usageNote-nl"	"ap-codelist"	"external term"	"namespace"	"localname"	"type"	"domain"	"range"	"parent"	"min card"	"max card"
"Package"	""	"Informatiemodel-Besluitvorming"	"{11B2A9A6-08C0-4f0a-9AD1-EC82A228B9C2}"	""	""	""	""	""	""	""	""	""	"https://data.vlaanderen.be/ns/"	"besluitvorming"	"http://www.w3.org/2002/07/owl#Ontology"	""	""	""	""	""
"ENUMERATION"	"Informatiemodel-Besluitvorming"	"Taal"	"{43C5D95E-E101-4041-A49B-86887D01F4E7}"	""	""	""	""	"Taal"	"TODO"	""	"http://publications.europa.eu/mdr/authority/language"	"true"	"http://www.w3.org/2004/02/skos/core#"	"Concept"	"http://www.w3.org/2000/01/rdf-schema#Class"	""	""	""	""	""
"ENUMERATION"	"Informatiemodel-Besluitvorming"	"Beleidsdomein"	"{AD5591F6-64DD-4a87-8AD1-D64F14BD6C7E}"	""	""	""	""	"Beleidsdomein"	"TODO"	""	""	"true"	"http://www.w3.org/2004/02/skos/core#"	"Concept"	"http://www.w3.org/2000/01/rdf-schema#Class"	""	""	""	""	""
"CLASS"	"Informatiemodel-Besluitvorming"	"Zitting"	"{ADCF03E4-BF46-41af-AABC-65F7DE2A9178}"	""	""	""	""	"Zitting"	"Geformaliseerde samenkomst van de leden van een bestuursorgaan met het doel om de aangelegenheden te regelen waarvoor het bevoegd is."	""	""	"true"	"https://data.vlaanderen.be/ns/besluit#"	"Zitting"	"http://www.w3.org/2000/01/rdf-schema#Class"	""	""	""	""	""
"CLASS"	"Informatiemodel-Besluitvorming"	"Publicatiestatus"	"{D702AF5E-0075-4c85-8B2B-7F9B2532D16C}"	""	""	""	""	"publicatiestatus"	"Status waarin de publicatie zich bevindt, bijvoorbeeld: drukproef aangevraagd."	""	""	"false"	"https://data.vlaanderen.be/ns/besluitvorming#"	"Publicatiestatus"	"http://www.w3.org/2000/01/rdf-schema#Class"	""	""	""	""	""
"ENUMERATION"	"Informatiemodel-Besluitvorming"	"MediaType"	"{B266A45D-415A-436e-8057-A0768268340F}"	""	""	""	""	"Mediatype"	"TODO"	""	"http://purl.org/dc/terms/MediaType"	"true"	"http://www.w3.org/2004/02/skos/core#"	"Concept"	"http://www.w3.org/2000/01/rdf-schema#Class"	""	""	""	""	""
"CLASS"	"Informatiemodel-Besluitvorming"	"Beslissing"	"{39FEBF4B-81F9-4ebd-9977-7493129D7036}"	""	""	""	""	"Beslissing"	"Beslissing die door een orgaan werd genomen."	""	""	"false"	"https://data.vlaanderen.be/ns/besluitvorming#"	"Beslissing"	"http://www.w3.org/2000/01/rdf-schema#Class"	""	""	""	""	""
"ENUMERATION"	"Informatiemodel-Besluitvorming"	"PublicatieType"	"{B13B0807-E0A8-4112-A2A7-A1589A0E7657}"	""	""	""	""	"Publicatietype"	"TODO"	""	""	"true"	"http://www.w3.org/2004/02/skos/core#"	"Concept"	"http://www.w3.org/2000/01/rdf-schema#Class"	""	""	""	""	""
"ENUMERATION"	"Informatiemodel-Besluitvorming"	"Thema"	"{97DE5B4C-BD6E-4e4c-B4ED-335582CEB349}"	""	""	""	""	"Thema"	"TODO"	""	""	"true"	"http://www.w3.org/2004/02/skos/core#"	"Concept"	"http://www.w3.org/2000/01/rdf-schema#Class"	""	""	""	""	""
"ENUMERATION"	"Informatiemodel-Besluitvorming"	"Bevoegdheid"	"{18078031-772B-4e09-AEAD-B6E877A86364}"	""	""	""	""	"Bevoegdheid"	"TODO"	""	""	"true"	"http://www.w3.org/2004/02/skos/core#"	"Concept"	"http://www.w3.org/2000/01/rdf-schema#Class"	""	""	""	""	""
"ENUMERATION"	"Informatiemodel-Besluitvorming"	"Behandelingsstatus"	"{E9FF9751-33AD-43d7-838D-AA380BE9F7ED}"	""	""	""	""	"Behandelingsstatus"	"TODO"	""	""	"true"	"http://www.w3.org/2004/02/skos/core#"	"Concept"	"http://www.w3.org/2000/01/rdf-schema#Class"	""	""	""	""	""
"ENUMERATION"	"Informatiemodel-Besluitvorming"	"Vertrouwelijk"	"{78241056-89E0-4aa2-A073-40389F71C490}"	""	""	""	""	"Vertrouwelijk"	"TODO"	""	""	"true"	"http://www.w3.org/2004/02/skos/core#"	"Concept"	"http://www.w3.org/2000/01/rdf-schema#Class"	""	""	""	""	""
"CLASS"	"Informatiemodel-Besluitvorming"	"Hoedanigheid"	"{74CEEB6F-979D-44c9-9E7D-7D6A7B6B1137}"	""	""	""	""	"Hoedanigheid"	"Agent met een positie."	""	""	"true"	"https://data.vlaanderen.be/ns/organisatie#"	"Hoedanigheid"	"http://www.w3.org/2000/01/rdf-schema#Class"	""	""	""	""	""
"CLASS"	"Informatiemodel-Besluitvorming"	"Publicatie"	"{7C47DA43-0DE9-4fe3-ADCB-34FDDFD02B99}"	""	""	""	""	"Publicatie"	"Officiële publicatie van een tekst."	""	""	"true"	"http://data.europa.eu/eli/ontology#"	"LegalExpression"	"http://www.w3.org/2000/01/rdf-schema#Class"	""	""	""	""	""
"CLASS"	"Informatiemodel-Besluitvorming"	"KortBestek"	"{157082E3-2E08-4dd6-B04C-517ADCEBDB48}"	""	""	""	""	"kort bestek"	"Verkorte samenvatting van de agendapunten en bijhorende beslissingen."	""	""	"false"	"https://data.vlaanderen.be/ns/besluitvorming#"	"KortBestek"	"http://www.w3.org/2000/01/rdf-schema#Class"	""	""	""	""	""
"CLASS"	"Informatiemodel-Besluitvorming"	"Documentversie"	"{2AB4C311-20AA-43aa-8958-C8CC3F529995}"	""	""	""	""	"Documentversie"	"Versie van een document."	""	""	"false"	"https://data.vlaanderen.be/ns/besluitvorming#"	"Documentversie"	"http://www.w3.org/2000/01/rdf-schema#Class"	""	""	"https://data.vlaanderen.be/ns/generiek#Versie"	""	""
"CLASS"	"Informatiemodel-Besluitvorming"	"Volgorde"	"{57D5A4A3-C141-4bd1-9646-80D8A7F0B840}"	""	""	""	""	"Volgorde"	"De volgorde van documenten in een deeldossier."	""	""	"false"	"https://data.vlaanderen.be/ns/besluitvorming#"	"Volgorde"	"http://www.w3.org/2000/01/rdf-schema#Class"	""	""	""	""	""
"CLASS"	"Informatiemodel-Besluitvorming"	"Advies"	"{8A09FB90-A1DE-4c1b-A846-3C537D59EB4B}"	""	""	""	""	"Advies"	"Advies gegeven door een welbepaald orgaan met betrekking tot een deeldossier."	""	""	"false"	"https://data.vlaanderen.be/ns/besluitvorming#"	"Advies"	"http://www.w3.org/2000/01/rdf-schema#Class"	""	""	""	""	""
"CLASS"	"Informatiemodel-Besluitvorming"	"PublicatieBelgischStaatsblad"	"{44741764-6576-40e1-9450-02F6E80FFCB3}"	"Publicatie"	""	""	""	"Publicatie in het Belgisch Staatsblad"	"Officiële publicatie in het Belgisch Staatsblad."	""	""	"false"	"https://data.vlaanderen.be/ns/besluitvorming#"	"PublicatieBelgischStaatsblad"	"http://www.w3.org/2000/01/rdf-schema#Class"	""	""	"http://data.europa.eu/eli/ontology#LegalExpression"	""	""
"CLASS"	"Informatiemodel-Besluitvorming"	"Vertalingsaanvraag"	"{07D9A982-ED5E-476c-80A5-9E49ACCA15E4}"	""	""	""	""	"Vertalingsaanvraag"	"Vertalingsaanvraag van een documentversie."	""	""	"false"	"https://data.vlaanderen.be/ns/besluitvorming#"	"Vertalingsaanvraag"	"http://www.w3.org/2000/01/rdf-schema#Class"	""	""	""	""	""
"ENUMERATION"	"Informatiemodel-Besluitvorming"	"TypeDocument"	"{686D21D4-33E4-4ec1-A785-BF193E7BC331}"	""	""	""	""	"Type document"	"TODO"	""	""	"true"	"http://www.w3.org/2004/02/skos/core#"	"Concept"	"http://www.w3.org/2000/01/rdf-schema#Class"	""	""	""	""	""
"CLASS"	"Informatiemodel-Besluitvorming"	"Agendapunt"	"{86B10F48-936B-40f9-A8B8-52C9208C1C65}"	""	""	""	""	"Agendapunt"	"Formeel aanvaard te behandelen onderwerp op een zitting."	""	""	"true"	"https://data.vlaanderen.be/doc/applicatieprofiel/besluit-publicatie/#"	"Agendapunt"	"http://www.w3.org/2000/01/rdf-schema#Class"	""	""	""	""	""
"ENUMERATION"	"Informatiemodel-Besluitvorming"	"TypeDossier"	"{06EFAF97-012C-472f-9825-141F6900DF33}"	""	""	""	""	"Type dossier"	"TODO"	""	""	"true"	"http://www.w3.org/2004/02/skos/core#"	"Concept"	"http://www.w3.org/2000/01/rdf-schema#Class"	""	""	""	""	""
"CLASS"	"Informatiemodel-Besluitvorming"	"Document"	"{7B3CC78A-924D-48c5-8265-D8B9ED49FE9D}"	""	""	""	""	"Document"	"Document."	""	""	"true"	"http://xmlns.com/foaf/0.1/"	"Document"	"http://www.w3.org/2000/01/rdf-schema#Class"	""	""	""	""	""
"CLASS"	"Informatiemodel-Besluitvorming"	"Deeldossier"	"{985B3F3D-1940-46b6-8F72-E20F6C282D03}"	""	""	""	""	"Deeldossier"	"Formeel gedefiniëerde stappen die in de juiste volgorde leiden tot de afronding van een dossier. Deze volgorde kan zowel (deels) sequentieel als parallel gedefiniëerd zijn."	""	""	"true"	"http://dbpedia.org/ontology/"	"UnitOfWork"	"http://www.w3.org/2000/01/rdf-schema#Class"	""	""	""	""	""
"CLASS"	"Informatiemodel-Besluitvorming"	"Dossier"	"{F6B5B3F6-87FA-4f9b-B09B-B0D10B2C080D}"	""	""	""	""	"Dossier"	"Overkoepelend geheel van deeldossiers rond hetzelfde onderwerp en met hetzelfde doel."	""	""	"true"	"http://dbpedia.org/ontology/"	"Case"	"http://www.w3.org/2000/01/rdf-schema#Class"	""	""	""	""	""
"connector"	""	"creëert"	"{8A3617F0-DAB7-43c2-B99A-9CD0E99F92DD}"	""	"Hoedanigheid"	"{74CEEB6F-979D-44c9-9E7D-7D6A7B6B1137}"	"Dossier"	"creëert"	"Duidt aan dat een dossier door een hoedanigheid wordt aangemaakt."	""	""	"true"	"http://www.w3.org/ns/prov#"	"generated"	"http://www.w3.org/2002/07/owl#ObjectProperty"	"https://data.vlaanderen.be/ns/organisatie#Hoedanigheid"	"http://dbpedia.org/ontology/Case"	""	"0"	"*"
"connector"	""	"bevat"	"{626347E5-66C9-4c44-9E16-FF08CDF2A8AE}"	""	"Publicatie"	"{7C47DA43-0DE9-4fe3-ADCB-34FDDFD02B99}"	"Documentversie"	"bevat"	"Duidt aan dat bepaalde objecten onderdeel kunnen uitmaken van een groter geheel."	""	""	"true"	"http://purl.org/dc/terms/"	"hasPart"	"http://www.w3.org/2002/07/owl#ObjectProperty"	"http://data.europa.eu/eli/ontology#LegalExpression"	"https://data.vlaanderen.be/ns/besluitvorming#Documentversie"	""	"0"	"*"
"connector"	""	"bestaatUit"	"{0091559A-D490-497d-85FB-0DE49C14B624}"	""	"Dossier"	"{F6B5B3F6-87FA-4f9b-B09B-B0D10B2C080D}"	"Deeldossier"	"bestaat uit"	"Duidt aan dat een dossier verschillende stappen doorloopt, waarbij een deeldossier een momentopname is van het dossier op dat moment."	""	""	"true"	"http://purl.org/dc/terms/"	"hasPart"	"http://www.w3.org/2002/07/owl#ObjectProperty"	"http://dbpedia.org/ontology/Case"	"http://dbpedia.org/ontology/UnitOfWork"	""	"0"	"*"
"connector"	""	"bevat"	"{ACB759BF-32F8-4e10-844E-499C33E288EB}"	""	"Volgorde"	"{57D5A4A3-C141-4bd1-9646-80D8A7F0B840}"	"Deeldossier"	"deeldossier"	"Verwijst naar het deeldossier waarop deze volgorde betrekking heeft."	""	""	"false"	"https://data.vlaanderen.be/ns/besluitvorming#"	"deeldossier"	"http://www.w3.org/2002/07/owl#ObjectProperty"	"https://data.vlaanderen.be/ns/besluitvorming#Volgorde"	"http://dbpedia.org/ontology/UnitOfWork"	""	"0"	"*"
"connector"	""	"bevat"	"{ACB759BF-32F8-4e10-844E-499C33E288EB}"	""	"Volgorde"	"{57D5A4A3-C141-4bd1-9646-80D8A7F0B840}"	"Documentversie"	"documentversie"	"Verwijst naar de documentversie waarop deze volgorde betrekking heeft."	""	""	"false"	"https://data.vlaanderen.be/ns/besluitvorming#"	"documentversie"	"http://www.w3.org/2002/07/owl#ObjectProperty"	"https://data.vlaanderen.be/ns/besluitvorming#Volgorde"	"https://data.vlaanderen.be/ns/besluitvorming#Documentversie"	""	"0"	"*"
"connector"	""	"heeftVersie"	"{B15FF654-8AAA-4225-BD8A-992C96661C7F}"	""	"Document"	"{7B3CC78A-924D-48c5-8265-D8B9ED49FE9D}"	"Documentversie"	"heeft versie"	"Duidt aan dat een document één of meerdere versie kan hebben."	""	""	"true"	"http://purl.org/dc/terms/"	"hasVersion"	"http://www.w3.org/2002/07/owl#ObjectProperty"	"http://xmlns.com/foaf/0.1/Document"	"https://data.vlaanderen.be/ns/besluitvorming#Documentversie"	""	"1"	"*"
"connector"	""	"leidtTot"	"{32A2481B-7BEA-430c-B242-A5F1E470B608}"	""	"Deeldossier"	"{985B3F3D-1940-46b6-8F72-E20F6C282D03}"	"Beslissing"	"leidt tot"	"Duidt aan dat een object als gevolg van een ander object aangemaakt kan worden."	""	""	"true"	"http://www.w3.org/ns/prov#"	"generated"	"http://www.w3.org/2002/07/owl#ObjectProperty"	"http://dbpedia.org/ontology/UnitOfWork"	"https://data.vlaanderen.be/ns/besluitvorming#Beslissing"	""	"0"	"*"
"connector"	""	"isGeagendeerdVia"	"{0FCF4AD3-0903-4f20-9601-77B4A623988C}"	""	"Deeldossier"	"{985B3F3D-1940-46b6-8F72-E20F6C282D03}"	"Agendapunt"	"is geagendeerd via"	"Duidt aan dat een deeldossier gebruikt wordt als informatiebron om een agendapunt te bespreken."	""	""	"false"	"https://data.vlaanderen.be/ns/besluitvorming#"	"isGeagendeerdVia"	"http://www.w3.org/2002/07/owl#ObjectProperty"	"http://dbpedia.org/ontology/UnitOfWork"	"https://data.vlaanderen.be/doc/applicatieprofiel/besluit-publicatie/#Agendapunt"	""	"0"	"1"
"connector"	""	"isGerealiseerdDoor"	"{A258ABB7-FC7C-44cd-9EB6-662C821BCED2}"	""	"Beslissing"	"{39FEBF4B-81F9-4ebd-9977-7493129D7036}"	"Publicatie"	"is gerealiseerd door"	"Duidt aan dat een beslissing gerealiseerd wordt via een publicatie."	""	""	"false"	"https://data.vlaanderen.be/ns/besluitvorming#"	"isGerealiseerdDoor"	"http://www.w3.org/2002/07/owl#ObjectProperty"	"https://data.vlaanderen.be/ns/besluitvorming#Beslissing"	"http://data.europa.eu/eli/ontology#LegalExpression"	""	"0"	"*"
"connector"	""	"behandelt"	"{9E5542E8-1852-4af5-B876-637A05D57F33}"	""	"Zitting"	"{ADCF03E4-BF46-41af-AABC-65F7DE2A9178}"	"Agendapunt"	"behandelt"	"Duidt aan dat een formeel vastgelegd agendapunt tijdens een zitting wordt besproken."	""	""	"true"	"https://data.vlaanderen.be/ns/besluit#"	"behandelt"	"http://www.w3.org/2002/07/owl#ObjectProperty"	"https://data.vlaanderen.be/ns/besluit#Zitting"	"https://data.vlaanderen.be/doc/applicatieprofiel/besluit-publicatie/#Agendapunt"	""	"0"	"*"
"connector"	""	"isGeüploadDoor"	"{1F388F26-1F64-45c7-B7D4-86ECF34B0E04}"	""	"Documentversie"	"{2AB4C311-20AA-43aa-8958-C8CC3F529995}"	"Hoedanigheid"	"is geüpload door"	"Duidt aan dat een document(versie) door een hoedanigheid is geüpload."	""	""	"true"	"http://purl.org/dc/terms/"	"creator"	"http://www.w3.org/2002/07/owl#ObjectProperty"	"https://data.vlaanderen.be/ns/besluitvorming#Documentversie"	"https://data.vlaanderen.be/ns/organisatie#Hoedanigheid"	""	"1"	"1"
"connector"	""	"leidtTot"	"{6CD807B4-E577-4c35-80D6-3B7EA73FE147}"	""	"Agendapunt"	"{86B10F48-936B-40f9-A8B8-52C9208C1C65}"	"KortBestek"	"leidt tot"	"Duidt aan dat een object als gevolg van een ander object aangemaakt kan worden."	""	""	"true"	"http://www.w3.org/ns/prov#"	"generated"	"http://www.w3.org/2002/07/owl#ObjectProperty"	"https://data.vlaanderen.be/doc/applicatieprofiel/besluit-publicatie/#Agendapunt"	"https://data.vlaanderen.be/ns/besluitvorming#KortBestek"	""	"1"	"1"
"connector"	""	"leidtTot"	"{DBCEC3AC-2464-4051-9A5A-49B8ADC43923}"	""	"Agendapunt"	"{86B10F48-936B-40f9-A8B8-52C9208C1C65}"	"Beslissing"	"leidt tot"	"Duidt aan dat een object als gevolg van een ander object aangemaakt kan worden."	""	""	"true"	"http://www.w3.org/ns/prov#"	"generated"	"http://www.w3.org/2002/07/owl#ObjectProperty"	"https://data.vlaanderen.be/doc/applicatieprofiel/besluit-publicatie/#Agendapunt"	"https://data.vlaanderen.be/ns/besluitvorming#Beslissing"	""	"0"	"1"
"connector"	""	"aangebrachtNa"	"{138C799E-0644-4257-8D3A-E352B8102DB1}"	""	"Agendapunt"	"{86B10F48-936B-40f9-A8B8-52C9208C1C65}"	"Agendapunt"	"aangebracht na"	"Duidt aan dat een agendapunt wordt besproken na een vorig agendapunt."	""	""	"true"	"https://data.vlaanderen.be/ns/besluit#"	"aangebrachtNa"	"http://www.w3.org/2002/07/owl#ObjectProperty"	"https://data.vlaanderen.be/doc/applicatieprofiel/besluit-publicatie/#Agendapunt"	"https://data.vlaanderen.be/doc/applicatieprofiel/besluit-publicatie/#Agendapunt"	""	"0"	"1"
"connector"	""	"dientIn"	"{129DF796-0A80-47c5-A998-A035F7A6EC02}"	""	"Hoedanigheid"	"{74CEEB6F-979D-44c9-9E7D-7D6A7B6B1137}"	"Dossier"	"dient in"	"Duidt aan dat een hoedanigheid een dossier indient."	""	""	"false"	"https://data.vlaanderen.be/ns/besluitvorming#"	"dientIn"	"http://www.w3.org/2002/07/owl#ObjectProperty"	"https://data.vlaanderen.be/ns/organisatie#Hoedanigheid"	"http://dbpedia.org/ontology/Case"	""	"0"	"*"
"connector"	""	"leidtTot"	"{90A87DC5-3B73-4889-81FA-894D07EF477D}"	""	"Vertalingsaanvraag"	"{07D9A982-ED5E-476c-80A5-9E49ACCA15E4}"	"Documentversie"	"leidt tot"	"Duidt aan dat een object als gevolg van een ander object aangemaakt kan worden."	""	""	"true"	"http://www.w3.org/ns/prov#"	"generated"	"http://www.w3.org/2002/07/owl#ObjectProperty"	"https://data.vlaanderen.be/ns/besluitvorming#Vertalingsaanvraag"	"https://data.vlaanderen.be/ns/besluitvorming#Documentversie"	""	"1"	"*"
"connector"	""	"heeftStatus"	"{FF5A2E9B-CACD-488c-9D19-2EDA6F00E0E1}"	""	"Publicatie"	"{7C47DA43-0DE9-4fe3-ADCB-34FDDFD02B99}"	"Publicatiestatus"	"heeft status"	"Duidt aan dat een publicatie een status heeft, zoals ""drukproef aangevraagd""."	""	""	"false"	"https://data.vlaanderen.be/ns/besluitvorming#"	"heeftStatus"	"http://www.w3.org/2002/07/owl#ObjectProperty"	"http://data.europa.eu/eli/ontology#LegalExpression"	"https://data.vlaanderen.be/ns/besluitvorming#Publicatiestatus"	""	"0"	"*"
"connector"	""	"isBevoegdVoor"	"{5F447F30-6F6D-4793-84BA-9C4D7621A22F}"	""	"Hoedanigheid"	"{74CEEB6F-979D-44c9-9E7D-7D6A7B6B1137}"	"Dossier"	"is bevoegd voor"	"Duidt aan dat één of meer hoedanigheden bevoegd zijn voor een dossier. "	""	""	"false"	"https://data.vlaanderen.be/ns/besluitvorming#"	"isBevoegdVoor"	"http://www.w3.org/2002/07/owl#ObjectProperty"	"https://data.vlaanderen.be/ns/organisatie#Hoedanigheid"	"http://dbpedia.org/ontology/Case"	""	"0"	"*"
"connector"	""	"bevat"	"{BDD24470-DDCA-40fc-956D-2BA7F164DB41}"	""	"Deeldossier"	"{985B3F3D-1940-46b6-8F72-E20F6C282D03}"	"Advies"	"bevat"	"Duidt aan dat bepaalde objecten onderdeel kunnen uitmaken van een groter geheel."	""	""	"true"	"http://purl.org/dc/terms/"	"hasPart"	"http://www.w3.org/2002/07/owl#ObjectProperty"	"http://dbpedia.org/ontology/UnitOfWork"	"https://data.vlaanderen.be/ns/besluitvorming#Advies"	""	"0"	"*"
"connector"	""	"isContactpersoonVoor"	"{87E0E687-FB6E-45e1-B3CD-DEB84570E3A0}"	""	"Hoedanigheid"	"{74CEEB6F-979D-44c9-9E7D-7D6A7B6B1137}"	"Dossier"	"is contactpersoon voor"	"Duidt aan dat een hoedanigheid een contacpersoon is voor een dossier."	""	""	"false"	"https://data.vlaanderen.be/ns/besluitvorming#"	"isContactpersoonVoor"	"http://www.w3.org/2002/07/owl#ObjectProperty"	"http://www.w3.org/2000/01/rdf-schema#Resource"	"http://dbpedia.org/ontology/Case"	""	"0"	"*"
"attribute"	"Informatiemodel-Besluitvorming"	"eind"	"{589D27DE-B6A5-4ef3-9730-45D19F0C7184}"	""	"Zitting"	"{ADCF03E4-BF46-41af-AABC-65F7DE2A9178}"	"DateTime"	"eind"	"Het tijdstip waarop een zitting eindigt."	""	""	"true"	"http://www.w3.org/ns/prov#"	"endedAtTime"	"http://www.w3.org/2002/07/owl#DatatypeProperty"	"https://data.vlaanderen.be/ns/besluit#Zitting"	"http://www.w3.org/2001/XMLSchema#dateTime"	""	"1"	"1"
"attribute"	"Informatiemodel-Besluitvorming"	"geplandeStart"	"{BC9BBBE9-1533-4443-9746-6F85B88C1FFB}"	""	"Zitting"	"{ADCF03E4-BF46-41af-AABC-65F7DE2A9178}"	"DateTime"	"geplande start"	"Het tijdstip waarop een zitting gepland is om te beginnen."	""	""	"true"	"https://data.vlaanderen.be/ns/generiek#"	"geplandeStart"	"http://www.w3.org/2002/07/owl#DatatypeProperty"	"https://data.vlaanderen.be/ns/besluit#Zitting"	"http://www.w3.org/2001/XMLSchema#dateTime"	""	"1"	"1"
"attribute"	"Informatiemodel-Besluitvorming"	"locatie"	"{199BB528-DC45-41f9-9A06-D8D83A93CD3C}"	""	"Zitting"	"{ADCF03E4-BF46-41af-AABC-65F7DE2A9178}"	"Locatie"	"locatie"	"De locatie waar een zitting plaatsvindt. Doorgaans is dit een zaal in een gebouw."	""	""	"true"	"http://www.w3.org/ns/prov#"	"Location"	"http://www.w3.org/1999/02/22-rdf-syntax-ns#Property"	"https://data.vlaanderen.be/ns/besluit#Zitting"	""	""	"0"	"1"
"attribute"	"Informatiemodel-Besluitvorming"	"nummer"	"{66D8B9D1-79CF-45df-8925-612C1A913C6F}"	""	"Zitting"	"{ADCF03E4-BF46-41af-AABC-65F7DE2A9178}"	"Integer"	"nummer"	"Het nummer dat een ministerraad identificeert."	""	""	"false"	"https://data.vlaanderen.be/ns/besluitvorming#"	"nummer"	"http://www.w3.org/2002/07/owl#DatatypeProperty"	"http://www.w3.org/2000/01/rdf-schema#Resource"	"http://www.w3.org/2001/XMLSchema#integer"	"http://www.w3.org/ns/adms#identifier"	"1"	"1"
"attribute"	"Informatiemodel-Besluitvorming"	"start"	"{57645378-23A0-4cbd-8788-FF00713FE4AA}"	""	"Zitting"	"{ADCF03E4-BF46-41af-AABC-65F7DE2A9178}"	"DateTime"	"start"	"Het tijdstip waarop een zitting is begonnen."	""	""	"true"	"http://www.w3.org/ns/prov#"	"startedAtTime"	"http://www.w3.org/2002/07/owl#DatatypeProperty"	"https://data.vlaanderen.be/ns/besluit#Zitting"	"http://www.w3.org/2001/XMLSchema#dateTime"	""	"1"	"1"
"attribute"	"Informatiemodel-Besluitvorming"	"datum"	"{232D7FF8-2E6E-4661-A565-4C6437C2478B}"	""	"Publicatiestatus"	"{D702AF5E-0075-4c85-8B2B-7F9B2532D16C}"	"Date"	"datum"	"De datum waarop een publicatiestatus is toegekend."	""	""	"false"	"https://data.vlaanderen.be/ns/besluitvorming#"	"datum"	"http://www.w3.org/2002/07/owl#DatatypeProperty"	"https://data.vlaanderen.be/ns/besluitvorming#Publicatiestatus"	"http://www.w3.org/2001/XMLSchema#date"	"http://purl.org/dc/terms/date"	"1"	"1"
"attribute"	"Informatiemodel-Besluitvorming"	"status"	"{DF9C7104-3B56-4cac-98F0-D4E87B90900F}"	""	"Publicatiestatus"	"{D702AF5E-0075-4c85-8B2B-7F9B2532D16C}"	"String"	"label"	"De status van een publicatie."	""	""	"false"	"https://data.vlaanderen.be/ns/besluitvorming#"	"status"	"http://www.w3.org/2002/07/owl#DatatypeProperty"	"https://data.vlaanderen.be/ns/besluitvorming#Publicatiestatus"	"http://www.w3.org/2001/XMLSchema#string"	"http://www.w3.org/ns/adms#status"	"1"	"1"
"attribute"	"Informatiemodel-Besluitvorming"	"goedgekeurd"	"{7BC1C7FD-0508-414c-B5F8-C0C145574883}"	""	"Beslissing"	"{39FEBF4B-81F9-4ebd-9977-7493129D7036}"	"Boolean"	"goedgekeurd"	"De indicator die aangeeft of een beslissing is goedgekeurd."	""	""	"false"	"https://data.vlaanderen.be/ns/besluitvorming#"	"goedgekeurd"	"http://www.w3.org/2002/07/owl#DatatypeProperty"	"https://data.vlaanderen.be/ns/besluitvorming#Beslissing"	"http://www.w3.org/2001/XMLSchema#boolean"	""	"1"	"1"
"attribute"	"Informatiemodel-Besluitvorming"	"tekst"	"{1B90B502-8AF1-40d5-B031-81594B187C83}"	""	"Beslissing"	"{39FEBF4B-81F9-4ebd-9977-7493129D7036}"	"String"	"tekst"	"De tekstuele inhoud van een beslissing."	""	""	"true"	"http://www.w3.org/ns/prov#"	"value"	"http://www.w3.org/2002/07/owl#DatatypeProperty"	"https://data.vlaanderen.be/ns/besluitvorming#Beslissing"	"http://www.w3.org/2001/XMLSchema#string"	""	"1"	"1"
"attribute"	"Informatiemodel-Besluitvorming"	"beleidsdomein"	"{243A9A76-F5B2-4b10-A5C5-4AA54663122B}"	""	"Hoedanigheid"	"{74CEEB6F-979D-44c9-9E7D-7D6A7B6B1137}"	"Beleidsdomein"	"beleidsdomein"	"Het beleidsdomein dat toegewezen is aan een minister."	""	""	"false"	"https://data.vlaanderen.be/ns/besluitvorming#"	"beleidsdomein"	"http://www.w3.org/2002/07/owl#ObjectProperty"	"https://data.vlaanderen.be/ns/organisatie#Hoedanigheid"	"http://www.w3.org/2004/02/skos/core#Concept"	""	"1"	"1"
"attribute"	"Informatiemodel-Besluitvorming"	"bevoegdheid"	"{54F19C18-4319-4129-B2ED-6B3E9460E8E6}"	""	"Hoedanigheid"	"{74CEEB6F-979D-44c9-9E7D-7D6A7B6B1137}"	"Bevoegdheid"	"bevoegdheid"	"De bevoegdheid van een minister."	""	""	"false"	"https://data.vlaanderen.be/ns/besluitvorming#"	"bevoegdheid"	"http://www.w3.org/2002/07/owl#ObjectProperty"	"https://data.vlaanderen.be/ns/organisatie#Hoedanigheid"	"http://www.w3.org/2004/02/skos/core#Concept"	""	"1"	"1"
"attribute"	"Informatiemodel-Besluitvorming"	"contactinfo"	"{58216631-5144-41e1-977C-88034E7ED344}"	""	"Hoedanigheid"	"{74CEEB6F-979D-44c9-9E7D-7D6A7B6B1137}"	"Contactinfo"	"contactinfo"	"Informatie zoals email, telefoon, adres die toelaat om iemand of iets te contacteren."	""	""	"true"	"https://data.vlaanderen.be/doc/applicatieprofiel/generiek-basis/#"	"Contactinfo"	"http://www.w3.org/1999/02/22-rdf-syntax-ns#Property"	"https://data.vlaanderen.be/ns/organisatie#Hoedanigheid"	""	""	"1"	"1"
"attribute"	"Informatiemodel-Besluitvorming"	"aantalWoorden"	"{394CE56D-FB3D-45fc-9CA7-11C250E9AC9E}"	""	"Publicatie"	"{7C47DA43-0DE9-4fe3-ADCB-34FDDFD02B99}"	"Integer"	"aantal woorden"	"Het aantal woorden waaruit een publicatietekst bestaat."	""	""	"false"	"https://data.vlaanderen.be/ns/besluitvorming#"	"aantalWoorden"	"http://www.w3.org/2002/07/owl#DatatypeProperty"	"http://data.europa.eu/eli/ontology#LegalExpression"	"http://www.w3.org/2001/XMLSchema#integer"	""	"1"	"1"
"attribute"	"Informatiemodel-Besluitvorming"	"aanvraagTimestamp"	"{BEF6CB48-18B3-4a18-8EB1-020001831D0E}"	""	"Publicatie"	"{7C47DA43-0DE9-4fe3-ADCB-34FDDFD02B99}"	"DateTime"	"timestamp van aanvraag"	"De datum waarop een publicatie is aangevraagd."	""	""	"false"	"https://data.vlaanderen.be/ns/besluitvorming#"	"aanvraagTimestamp"	"http://www.w3.org/2002/07/owl#DatatypeProperty"	"http://data.europa.eu/eli/ontology#LegalExpression"	"http://www.w3.org/2001/XMLSchema#dateTime"	"http://purl.org/dc/terms/date"	"1"	"1"
"attribute"	"Informatiemodel-Besluitvorming"	"digitaal"	"{CF460CD6-BF32-401b-AD1A-4F85295F02D4}"	""	"Publicatie"	"{7C47DA43-0DE9-4fe3-ADCB-34FDDFD02B99}"	"Boolean"	"digitaal"	"De indicator die aangeeft of een publicatie digitaal is ingediend."	""	""	"false"	"https://data.vlaanderen.be/ns/besluitvorming#"	"digitaal"	"http://www.w3.org/2002/07/owl#DatatypeProperty"	"http://data.europa.eu/eli/ontology#LegalExpression"	"http://www.w3.org/2001/XMLSchema#boolean"	""	"1"	"1"
"attribute"	"Informatiemodel-Besluitvorming"	"opmerking"	"{42302F8D-AFEE-4dc9-91DC-B6CCE0A8C72D}"	""	"Publicatie"	"{7C47DA43-0DE9-4fe3-ADCB-34FDDFD02B99}"	"String"	"opmerking"	"Een opmerking horende bij een publicatie."	""	""	"true"	"https://www.w3.org/2000/01/rdf-schema#"	"comment"	"http://www.w3.org/2002/07/owl#DatatypeProperty"	"http://data.europa.eu/eli/ontology#LegalExpression"	"http://www.w3.org/2001/XMLSchema#string"	""	"1"	"1"
"attribute"	"Informatiemodel-Besluitvorming"	"opschrift"	"{7479886F-BDB6-45b2-8CC6-23AC13FC841B}"	""	"Publicatie"	"{7C47DA43-0DE9-4fe3-ADCB-34FDDFD02B99}"	"String"	"opschrift"	"De beknopte titel of officiële korte naam van een decreet, wet, besluit... Deze wordt officieel vastgelegd. Deze benaming wordt in de praktijk gebruikt om naar de rechtsgrond te verwijzen."	""	""	"true"	"http://data.europa.eu/eli/ontology#"	"title_short"	"http://www.w3.org/2002/07/owl#DatatypeProperty"	"http://data.europa.eu/eli/ontology#LegalExpression"	"http://www.w3.org/2001/XMLSchema#string"	""	"1"	"1"
"attribute"	"Informatiemodel-Besluitvorming"	"type"	"{063A1D5B-5266-4a9b-A675-187F63D3077D}"	""	"Publicatie"	"{7C47DA43-0DE9-4fe3-ADCB-34FDDFD02B99}"	"PublicatieType"	"type"	"Het type van een publicatie."	""	""	"true"	"http://purl.org/dc/terms/"	"type"	"http://www.w3.org/2002/07/owl#ObjectProperty"	"http://data.europa.eu/eli/ontology#LegalExpression"	"http://www.w3.org/2004/02/skos/core#Concept"	""	"1"	"1"
"attribute"	"Informatiemodel-Besluitvorming"	"wijze"	"{78100C1B-7340-469d-9788-F602B574F24B}"	""	"Publicatie"	"{7C47DA43-0DE9-4fe3-ADCB-34FDDFD02B99}"	"String"	"wijze"	"De wijze waarop er wordt gepubliceerd."	""	""	"false"	"https://data.vlaanderen.be/ns/besluitvorming#"	"wijze"	"http://www.w3.org/2002/07/owl#DatatypeProperty"	"http://data.europa.eu/eli/ontology#LegalExpression"	"http://www.w3.org/2001/XMLSchema#string"	""	"1"	"1"
"attribute"	"Informatiemodel-Besluitvorming"	"ondertitel"	"{6FBE765C-38D9-448a-8795-873AF28D4F1F}"	""	"KortBestek"	"{157082E3-2E08-4dd6-B04C-517ADCEBDB48}"	"String"	"ondertitel"	"De ondertitel van een kortbestek."	""	""	"true"	"http://dbpedia.org/ontology/"	"subtitle"	"http://www.w3.org/2002/07/owl#DatatypeProperty"	"https://data.vlaanderen.be/ns/besluitvorming#KortBestek"	"http://www.w3.org/2001/XMLSchema#string"	""	"1"	"1"
"attribute"	"Informatiemodel-Besluitvorming"	"publicatieTimestamp"	"{63FB5858-80D4-4e97-BE65-A5541D8C9ACF}"	""	"KortBestek"	"{157082E3-2E08-4dd6-B04C-517ADCEBDB48}"	"DateTime"	"timestamp van publicatie"	"De datum waarop een kortbestek is gepubliceerd."	""	""	"true"	"http://purl.org/dc/terms/"	"issued"	"http://www.w3.org/2002/07/owl#DatatypeProperty"	"https://data.vlaanderen.be/ns/besluitvorming#KortBestek"	"http://www.w3.org/2001/XMLSchema#dateTime"	""	"1"	"1"
"attribute"	"Informatiemodel-Besluitvorming"	"tekst"	"{0766EA78-81A5-40fc-A58A-9134F8712EF8}"	""	"KortBestek"	"{157082E3-2E08-4dd6-B04C-517ADCEBDB48}"	"String"	"tekst"	"De tekstuele inhoud van een kortbestek."	""	""	"true"	"http://www.w3.org/ns/prov#"	"value"	"http://www.w3.org/2002/07/owl#DatatypeProperty"	"https://data.vlaanderen.be/ns/besluitvorming#KortBestek"	"http://www.w3.org/2001/XMLSchema#string"	""	"1"	"1"
"attribute"	"Informatiemodel-Besluitvorming"	"thema"	"{84410AB4-48CB-4fd2-98C5-32A32A6E34A2}"	""	"KortBestek"	"{157082E3-2E08-4dd6-B04C-517ADCEBDB48}"	"Thema"	"thema"	"Het thema van een kortbestek."	""	""	"true"	"http://purl.org/dc/terms/"	"subject"	"http://www.w3.org/2002/07/owl#ObjectProperty"	"https://data.vlaanderen.be/ns/besluitvorming#KortBestek"	"http://www.w3.org/2004/02/skos/core#Concept"	""	"0"	"*"
"attribute"	"Informatiemodel-Besluitvorming"	"titel"	"{0CA5C572-8280-4f74-94E2-71ECE41814AF}"	""	"KortBestek"	"{157082E3-2E08-4dd6-B04C-517ADCEBDB48}"	"String"	"titel"	"De titel van een kortbestek."	""	""	"true"	"http://purl.org/dc/terms/"	"title"	"http://www.w3.org/2002/07/owl#DatatypeProperty"	"https://data.vlaanderen.be/ns/besluitvorming#KortBestek"	"http://www.w3.org/2001/XMLSchema#string"	""	"1"	"1"
"attribute"	"Informatiemodel-Besluitvorming"	"formaat"	"{A2D1AB91-FC44-44ad-BCBF-F8C035C580A4}"	""	"Documentversie"	"{2AB4C311-20AA-43aa-8958-C8CC3F529995}"	"MediaType"	"formaat"	"Het formaat waarin een documentversie is opgeslagen."	""	""	"true"	"http://purl.org/dc/terms/"	"format"	"http://www.w3.org/2002/07/owl#ObjectProperty"	"https://data.vlaanderen.be/ns/besluitvorming#Documentversie"	"http://www.w3.org/2004/02/skos/core#Concept"	""	"1"	"1"
"attribute"	"Informatiemodel-Besluitvorming"	"titel"	"{C6CBF979-BEF4-47e5-BFBE-F3280F763E1C}"	""	"Documentversie"	"{2AB4C311-20AA-43aa-8958-C8CC3F529995}"	"String"	"titel"	"De naam van een documentversie."	""	""	"true"	"http://purl.org/dc/terms/"	"title"	"http://www.w3.org/2002/07/owl#DatatypeProperty"	"https://data.vlaanderen.be/ns/besluitvorming#Documentversie"	"http://www.w3.org/2001/XMLSchema#string"	""	"1"	"1"
"attribute"	"Informatiemodel-Besluitvorming"	"opmerking"	"{9F438EC9-86AD-48ff-A6DC-1B675A0434CC}"	""	"Documentversie"	"{2AB4C311-20AA-43aa-8958-C8CC3F529995}"	"String"	"opmerking"	"Een opmerking gegeven bij een documentversie."	""	""	"true"	"https://www.w3.org/2000/01/rdf-schema#"	"comment"	"http://www.w3.org/2002/07/owl#DatatypeProperty"	"https://data.vlaanderen.be/ns/besluitvorming#Documentversie"	"http://www.w3.org/2001/XMLSchema#string"	""	"1"	"1"
"attribute"	"Informatiemodel-Besluitvorming"	"taal"	"{C0BC199C-D14F-4f68-87D1-A7136DCD93A0}"	""	"Documentversie"	"{2AB4C311-20AA-43aa-8958-C8CC3F529995}"	"Taal"	"taal"	"De taal van een documentversie."	""	""	"true"	"http://purl.org/dc/terms/"	"language"	"http://www.w3.org/2002/07/owl#ObjectProperty"	"https://data.vlaanderen.be/ns/besluitvorming#Documentversie"	"http://www.w3.org/2004/02/skos/core#Concept"	""	"1"	"1"
"attribute"	"Informatiemodel-Besluitvorming"	"uploadTimestamp"	"{39686220-2253-42a6-A4C5-F3890793C48D}"	""	"Documentversie"	"{2AB4C311-20AA-43aa-8958-C8CC3F529995}"	"DateTime"	"timestamp van upload"	"Het tijdstip waarop een documentversie is geüpload."	""	""	"true"	"http://purl.org/dc/terms/"	"created"	"http://www.w3.org/2002/07/owl#DatatypeProperty"	"https://data.vlaanderen.be/ns/besluitvorming#Documentversie"	"http://www.w3.org/2001/XMLSchema#dateTime"	""	"1"	"1"
"attribute"	"Informatiemodel-Besluitvorming"	"versie"	"{445B3A2E-D145-41f4-9E8F-D8DF49409AB0}"	""	"Documentversie"	"{2AB4C311-20AA-43aa-8958-C8CC3F529995}"	"String"	"versie"	"De identificator van een specifieke versie van een document."	""	""	"true"	"https://data.vlaanderen.be/ns/generiek#"	"versieIdentificator"	"http://www.w3.org/2002/07/owl#DatatypeProperty"	"https://data.vlaanderen.be/ns/besluitvorming#Documentversie"	"http://www.w3.org/2001/XMLSchema#string"	""	"1"	"1"
"attribute"	"Informatiemodel-Besluitvorming"	"rangnummer"	"{1491B867-421A-49a0-89E2-F470EEAC13BE}"	""	"Volgorde"	"{57D5A4A3-C141-4bd1-9646-80D8A7F0B840}"	"Integer"	"rangnummer"	"Een nummer dat de volgorde van een document in een deeldossier aangeeft."	""	""	"false"	"https://data.vlaanderen.be/ns/besluitvorming#"	"rangnummer"	"http://www.w3.org/2002/07/owl#DatatypeProperty"	"https://data.vlaanderen.be/ns/besluitvorming#Volgorde"	"http://www.w3.org/2001/XMLSchema#integer"	""	"1"	"1"
"attribute"	"Informatiemodel-Besluitvorming"	"advies"	"{FB4E5A73-5854-43ed-A303-5A7638BBAF2B}"	""	"Advies"	"{8A09FB90-A1DE-4c1b-A846-3C537D59EB4B}"	"String"	"advies"	"De tekstuele inhoud van een advies."	""	""	"false"	"https://data.vlaanderen.be/ns/besluitvorming#"	"advies"	"http://www.w3.org/2002/07/owl#DatatypeProperty"	"https://data.vlaanderen.be/ns/besluitvorming#Advies"	"http://www.w3.org/2001/XMLSchema#string"	""	"1"	"1"
"attribute"	"Informatiemodel-Besluitvorming"	"adviesaanvraag"	"{42D3767D-2EEC-4fb9-989F-3207F26D8E8F}"	""	"Advies"	"{8A09FB90-A1DE-4c1b-A846-3C537D59EB4B}"	"String"	"adviesaanvraag"	"De tekstuele inhoud van een adviesaanvraag."	""	""	"false"	"https://data.vlaanderen.be/ns/besluitvorming#"	"adviesaanvraag"	"http://www.w3.org/2002/07/owl#DatatypeProperty"	"https://data.vlaanderen.be/ns/besluitvorming#Advies"	"http://www.w3.org/2001/XMLSchema#string"	""	"1"	"1"
"attribute"	"Informatiemodel-Besluitvorming"	"adviesorgaan"	"{5DA2E1F5-0C7B-40e1-BF34-36959D1A7FA5}"	""	"Advies"	"{8A09FB90-A1DE-4c1b-A846-3C537D59EB4B}"	"String"	"adviesorgaan"	"Het orgaan dat instaat voor het verstrekken van het advies."	""	""	"false"	"https://data.vlaanderen.be/ns/besluitvorming#"	"adviesorgaan"	"http://www.w3.org/2002/07/owl#DatatypeProperty"	"https://data.vlaanderen.be/ns/besluitvorming#Advies"	"http://www.w3.org/2001/XMLSchema#string"	""	"1"	"1"
"attribute"	"Informatiemodel-Besluitvorming"	"datumAanvraag"	"{8263D98C-5403-47ee-988C-AF2811FF9B2E}"	""	"Advies"	"{8A09FB90-A1DE-4c1b-A846-3C537D59EB4B}"	"Date"	"datum van aanvraag"	"De datum waarop het advies werd aangevraagd."	""	""	"false"	"https://data.vlaanderen.be/ns/besluitvorming#"	"datumAanvraag"	"http://www.w3.org/2002/07/owl#DatatypeProperty"	"http://www.w3.org/2000/01/rdf-schema#Resource"	"http://www.w3.org/2001/XMLSchema#date"	"http://purl.org/dc/terms/date"	"1"	"1"
"attribute"	"Informatiemodel-Besluitvorming"	"datumOntvangst"	"{B24F4D4F-5B93-4e79-AEAE-4529CAAB6302}"	""	"Advies"	"{8A09FB90-A1DE-4c1b-A846-3C537D59EB4B}"	"Date"	"datum van ontvangst"	"De datum waarop het advies werd ontvangen."	""	""	"false"	"https://data.vlaanderen.be/ns/besluitvorming#"	"datumOntvangst"	"http://www.w3.org/2002/07/owl#DatatypeProperty"	"https://data.vlaanderen.be/ns/besluitvorming#Advies"	"http://www.w3.org/2001/XMLSchema#date"	"http://purl.org/dc/terms/date"	"1"	"1"
"attribute"	"Informatiemodel-Besluitvorming"	"NUMAC"	"{FF5C6528-4D88-4d82-9E43-AA5E0FC18194}"	""	"PublicatieBelgischStaatsblad"	"{44741764-6576-40e1-9450-02F6E80FFCB3}"	"Integer"	"werknummer van het Belgisch Staatsblad"	"Het werknummer van de publicatie zoals het door het Belgisch Staatsblad is toegekend."	""	""	"false"	"https://data.vlaanderen.be/ns/besluitvorming#"	"NUMAC"	"http://www.w3.org/2002/07/owl#DatatypeProperty"	"https://data.vlaanderen.be/ns/besluitvorming#PublicatieBelgischStaatsblad"	"http://www.w3.org/2001/XMLSchema#integer"	"http://www.w3.org/ns/adms#identifier"	"1"	"1"
"attribute"	"Informatiemodel-Besluitvorming"	"datumAanvraag"	"{94CFFFB2-5618-41c4-883D-9837D8CF168C}"	""	"Vertalingsaanvraag"	"{07D9A982-ED5E-476c-80A5-9E49ACCA15E4}"	"Date"	"datum van aanvraag"	"De datum waarop een vertaling is aangevraagd."	""	""	"false"	"https://data.vlaanderen.be/ns/besluitvorming#"	"datumAanvraag"	"http://www.w3.org/2002/07/owl#DatatypeProperty"	"http://www.w3.org/2000/01/rdf-schema#Resource"	"http://www.w3.org/2001/XMLSchema#date"	"http://purl.org/dc/terms/date"	"1"	"1"
"attribute"	"Informatiemodel-Besluitvorming"	"datumOpleveringFeitelijk"	"{3A6B2A53-4DED-4624-A856-80506F45097C}"	""	"Vertalingsaanvraag"	"{07D9A982-ED5E-476c-80A5-9E49ACCA15E4}"	"Date"	"datum van feitelijke oplevering"	"De datum waarop een vertaling is ontvangen."	""	""	"false"	"https://data.vlaanderen.be/ns/besluitvorming#"	"datumOpleveringFeitelijk"	"http://www.w3.org/2002/07/owl#DatatypeProperty"	"https://data.vlaanderen.be/ns/besluitvorming#Vertalingsaanvraag"	"http://www.w3.org/2001/XMLSchema#date"	"http://purl.org/dc/terms/date"	"1"	"1"
"attribute"	"Informatiemodel-Besluitvorming"	"datumOpleveringVerwacht"	"{95858DE9-644D-4c7b-967C-FE69BF8B6A26}"	""	"Vertalingsaanvraag"	"{07D9A982-ED5E-476c-80A5-9E49ACCA15E4}"	"Date"	"datum van verwachte oplevering"	"De datum waarop men verwacht een vertaling (ten laatste) te ontvangen."	""	""	"false"	"https://data.vlaanderen.be/ns/besluitvorming#"	"datumOpleveringVerwacht"	"http://www.w3.org/2002/07/owl#DatatypeProperty"	"https://data.vlaanderen.be/ns/besluitvorming#Vertalingsaanvraag"	"http://www.w3.org/2001/XMLSchema#date"	"http://purl.org/dc/terms/date"	"1"	"1"
"attribute"	"Informatiemodel-Besluitvorming"	"aangemaakt"	"{CADFB689-17FF-4166-A84E-658B4C71F378}"	""	"Agendapunt"	"{86B10F48-936B-40f9-A8B8-52C9208C1C65}"	"Date"	"aangemaakt"	"De datum waarop een agendapunt werd toegevoegd."	""	""	"true"	"http://purl.org/dc/terms/"	"created"	"http://www.w3.org/2002/07/owl#DatatypeProperty"	"https://data.vlaanderen.be/doc/applicatieprofiel/besluit-publicatie/#Agendapunt"	"http://www.w3.org/2001/XMLSchema#date"	""	"1"	"1"
"attribute"	"Informatiemodel-Besluitvorming"	"datumUitgesteld"	"{1D7B5E01-2856-4957-959B-24A093362871}"	""	"Agendapunt"	"{86B10F48-936B-40f9-A8B8-52C9208C1C65}"	"Date"	"datum waarnaar uitgesteld"	"De datum naar waar een agendapunt werd uitgesteld."	""	""	"false"	"https://data.vlaanderen.be/ns/besluitvorming#"	"datumUitgesteld"	"http://www.w3.org/2002/07/owl#DatatypeProperty"	"https://data.vlaanderen.be/doc/applicatieprofiel/besluit-publicatie/#Agendapunt"	"http://www.w3.org/2001/XMLSchema#date"	""	"1"	"1"
"attribute"	"Informatiemodel-Besluitvorming"	"formeelOK"	"{B01ABD77-F29B-4f88-A962-2C0EB0C80CF2}"	""	"Agendapunt"	"{86B10F48-936B-40f9-A8B8-52C9208C1C65}"	"Boolean"	"formeel goedgekeurd"	"Een indicator die aangeeft of een agendapunt formeel goedgekeurd is."	""	""	"false"	"https://data.vlaanderen.be/ns/besluitvorming#"	"formeelOK"	"http://www.w3.org/2002/07/owl#DatatypeProperty"	"https://data.vlaanderen.be/doc/applicatieprofiel/besluit-publicatie/#Agendapunt"	"http://www.w3.org/2001/XMLSchema#boolean"	""	"1"	"1"
"attribute"	"Informatiemodel-Besluitvorming"	"notulen"	"{70669AA0-82F2-498c-815F-E077C28E866A}"	""	"Agendapunt"	"{86B10F48-936B-40f9-A8B8-52C9208C1C65}"	"String"	"notulen"	"De formele notulen van een zitting."	""	""	"true"	"https://data.vlaanderen.be/ns/besluit#"	"heeftNotulen"	"http://www.w3.org/2002/07/owl#DatatypeProperty"	"https://data.vlaanderen.be/doc/applicatieprofiel/besluit-publicatie/#Agendapunt"	"http://www.w3.org/2001/XMLSchema#string"	""	"1"	"1"
"attribute"	"Informatiemodel-Besluitvorming"	"opmerking"	"{F3A6FCE0-9390-4c1b-9649-6FDD2AFFAB26}"	""	"Agendapunt"	"{86B10F48-936B-40f9-A8B8-52C9208C1C65}"	"String"	"opmerking"	"Een opmerking gegeven bij een agendapunt."	""	""	"true"	"https://www.w3.org/2000/01/rdf-schema#"	"comment"	"http://www.w3.org/2002/07/owl#DatatypeProperty"	"https://data.vlaanderen.be/doc/applicatieprofiel/besluit-publicatie/#Agendapunt"	"http://www.w3.org/2001/XMLSchema#string"	""	"0"	"*"
"attribute"	"Informatiemodel-Besluitvorming"	"persagenda"	"{26BAD756-4C7D-410f-BB7D-ECED10EEC25B}"	""	"Agendapunt"	"{86B10F48-936B-40f9-A8B8-52C9208C1C65}"	"boolean"	"persagenda"	"Een indicator die aangeeft of een agendapunt in de persagenda mag verschijnen."	""	""	"false"	"https://data.vlaanderen.be/ns/besluitvorming#"	"persagenda"	"http://www.w3.org/1999/02/22-rdf-syntax-ns#Property"	"https://data.vlaanderen.be/doc/applicatieprofiel/besluit-publicatie/#Agendapunt"	""	""	"1"	"1"
"attribute"	"Informatiemodel-Besluitvorming"	"vertrouwelijk"	"{E788E2A6-2A0A-44af-BBC5-675CFAAC50F0}"	""	"Agendapunt"	"{86B10F48-936B-40f9-A8B8-52C9208C1C65}"	"Vertrouwelijk"	"vertrouwelijk"	"Een indicator die de mate van vertrouwelijkheid van een agendapunt aangeeft."	""	""	"false"	"https://data.vlaanderen.be/ns/besluitvorming#"	"vertrouwelijk"	"http://www.w3.org/2002/07/owl#ObjectProperty"	"http://www.w3.org/2000/01/rdf-schema#Resource"	"http://www.w3.org/2004/02/skos/core#Concept"	""	"1"	"1"
"attribute"	"Informatiemodel-Besluitvorming"	"actieveOpenbaarheid"	"{7D9DC117-B126-4826-995D-6AF1E44D081B}"	""	"Document"	"{7B3CC78A-924D-48c5-8265-D8B9ED49FE9D}"	"Boolean"	"actieve openbaarheid"	"Een indicator die aangeeft of een document voor iedereen zichtbaar is."	""	""	"false"	"https://data.vlaanderen.be/ns/besluitvorming#"	"actieveOpenbaarheid"	"http://www.w3.org/2002/07/owl#DatatypeProperty"	"http://www.w3.org/2000/01/rdf-schema#Resource"	"http://www.w3.org/2001/XMLSchema#boolean"	""	"1"	"1"
"attribute"	"Informatiemodel-Besluitvorming"	"titel"	"{62B0BC0F-5A0F-4255-AB58-C88C9950F395}"	""	"Document"	"{7B3CC78A-924D-48c5-8265-D8B9ED49FE9D}"	"String"	"titel"	"De naam waarmee een document wordt aangeduid."	""	""	"true"	"http://purl.org/dc/terms/"	"title"	"http://www.w3.org/2002/07/owl#DatatypeProperty"	"http://xmlns.com/foaf/0.1/Document"	"http://www.w3.org/2001/XMLSchema#string"	""	"1"	"1"
"attribute"	"Informatiemodel-Besluitvorming"	"oorspronkelijkeNaam"	"{8CE9F997-F5DD-4925-80C1-57C2112FCE52}"	""	"Document"	"{7B3CC78A-924D-48c5-8265-D8B9ED49FE9D}"	"String"	"oorspronkelijke naam"	"De naam van een document toen het werd geüpload."	""	""	"false"	"https://data.vlaanderen.be/ns/besluitvorming#"	"oorspronkelijkeNaam"	"http://www.w3.org/2002/07/owl#DatatypeProperty"	"http://xmlns.com/foaf/0.1/Document"	"http://www.w3.org/2001/XMLSchema#string"	"http://purl.org/dc/terms/alternative"	"1"	"1"
"attribute"	"Informatiemodel-Besluitvorming"	"sleutelwoord"	"{0D6F6885-F310-4603-80D0-D3ABA4F95F80}"	""	"Document"	"{7B3CC78A-924D-48c5-8265-D8B9ED49FE9D}"	"String"	"sleutelwoord"	"Het onderwerp van een document, of één of meerdere kernwoorden die het document omschrijven."	""	""	"false"	"https://data.vlaanderen.be/ns/besluitvorming#"	"sleutelwoord"	"http://www.w3.org/2002/07/owl#DatatypeProperty"	"http://xmlns.com/foaf/0.1/Document"	"http://www.w3.org/2001/XMLSchema#string"	"http://purl.org/dc/terms/subject"	"0"	"*"
"attribute"	"Informatiemodel-Besluitvorming"	"stilgezet"	"{ADE2D23D-AF6D-431d-A5FC-7FDCF7FEFCA3}"	""	"Document"	"{7B3CC78A-924D-48c5-8265-D8B9ED49FE9D}"	"Boolean"	"stilgezet"	"???"	""	""	"false"	"https://data.vlaanderen.be/ns/besluitvorming#"	"stilgezet"	"http://www.w3.org/2002/07/owl#DatatypeProperty"	"http://xmlns.com/foaf/0.1/Document"	"http://www.w3.org/2001/XMLSchema#boolean"	""	"1"	"1"
"attribute"	"Informatiemodel-Besluitvorming"	"stuknummer"	"{1C87E3F2-FED3-4832-B016-47B8BD1D9FEA}"	""	"Document"	"{7B3CC78A-924D-48c5-8265-D8B9ED49FE9D}"	"Integer"	"stuknummer"	"Het werknummer zoals het door het Vlaams Parlement wordt toegekend."	""	""	"false"	"https://data.vlaanderen.be/ns/besluitvorming#"	"stuknummer"	"http://www.w3.org/2002/07/owl#DatatypeProperty"	"http://xmlns.com/foaf/0.1/Document"	"http://www.w3.org/2001/XMLSchema#integer"	"http://www.w3.org/ns/adms#identifier"	"0"	"1"
"attribute"	"Informatiemodel-Besluitvorming"	"type"	"{43233035-A2A3-4273-A738-CB7EE33FA50F}"	""	"Document"	"{7B3CC78A-924D-48c5-8265-D8B9ED49FE9D}"	"TypeDocument"	"type"	"De aard van het document, bijvoorbeeld: bijlage, memorie, nota etc."	""	""	"true"	"http://purl.org/dc/terms/"	"type"	"http://www.w3.org/2002/07/owl#ObjectProperty"	"http://xmlns.com/foaf/0.1/Document"	"http://www.w3.org/2004/02/skos/core#Concept"	""	"1"	"1"
"attribute"	"Informatiemodel-Besluitvorming"	"vertrouwelijk"	"{85C71EA8-7A73-454d-94CF-072FFA2500EA}"	""	"Document"	"{7B3CC78A-924D-48c5-8265-D8B9ED49FE9D}"	"Vertrouwelijk"	"vertrouwelijk"	"Een indicator die de mate van vertrouwelijkheid van een document aangeeft."	""	""	"false"	"https://data.vlaanderen.be/ns/besluitvorming#"	"vertrouwelijk"	"http://www.w3.org/2002/07/owl#ObjectProperty"	"http://www.w3.org/2000/01/rdf-schema#Resource"	"http://www.w3.org/2004/02/skos/core#Concept"	""	"1"	"1"
"attribute"	"Informatiemodel-Besluitvorming"	"volgnummer"	"{56BBF794-E9C3-40b6-88A9-2DF53F23973D}"	""	"Document"	"{7B3CC78A-924D-48c5-8265-D8B9ED49FE9D}"	"Integer"	"volgnummer"	"Een nummer dat de volgorde van het document in het ??? aangeeft."	""	""	"false"	"https://data.vlaanderen.be/ns/besluitvorming#"	"volgnummer"	"http://www.w3.org/2002/07/owl#DatatypeProperty"	"http://xmlns.com/foaf/0.1/Document"	"http://www.w3.org/2001/XMLSchema#integer"	""	"1"	"1"
"attribute"	"Informatiemodel-Besluitvorming"	"behandelingsstatus"	"{03B3C443-68F4-4032-B2F8-7BF156BB3AF9}"	""	"Deeldossier"	"{985B3F3D-1940-46b6-8F72-E20F6C282D03}"	"Behandelingsstatus"	"behandelingsstatus"	"De status waarin een deeldossier zich bevindt."	""	""	"false"	"https://data.vlaanderen.be/ns/besluitvorming#"	"behandelingsstatus"	"http://www.w3.org/2002/07/owl#ObjectProperty"	"http://dbpedia.org/ontology/UnitOfWork"	"http://www.w3.org/2004/02/skos/core#Concept"	"http://www.w3.org/ns/adms#status"	"1"	"1"
"attribute"	"Informatiemodel-Besluitvorming"	"datumAangevraagdVoorMR"	"{78953CE0-A571-4871-8C50-C9F0BB9C82CC}"	""	"Deeldossier"	"{985B3F3D-1940-46b6-8F72-E20F6C282D03}"	"Date"	"datum aangevraagd voor ministerraad"	"De datum van de ministerraad waarop men een deeldossier wil agenderen."	""	""	"false"	"https://data.vlaanderen.be/ns/besluitvorming#"	"datumAangevraagdVoorMR"	"http://www.w3.org/2002/07/owl#DatatypeProperty"	"http://dbpedia.org/ontology/UnitOfWork"	"http://www.w3.org/2001/XMLSchema#date"	"http://purl.org/dc/terms/date"	"1"	"1"
"attribute"	"Informatiemodel-Besluitvorming"	"datumIngeplandVoorMR"	"{63D2B272-F4EC-4d50-A004-3C6554ED3E6F}"	""	"Deeldossier"	"{985B3F3D-1940-46b6-8F72-E20F6C282D03}"	"Date"	"datum ingepland voor ministerraad"	"De datum van de ministerraad waarop een deeldossier is ingepland om te bespreken."	""	""	"false"	"https://data.vlaanderen.be/ns/besluitvorming#"	"datumIngeplandVoorMR"	"http://www.w3.org/2002/07/owl#DatatypeProperty"	"http://dbpedia.org/ontology/UnitOfWork"	"http://www.w3.org/2001/XMLSchema#date"	"http://purl.org/dc/terms/date"	"1"	"1"
"attribute"	"Informatiemodel-Besluitvorming"	"datumVerdaagdNaarMR"	"{17387C34-942E-407a-A3C6-725FD9D5DE8A}"	""	"Deeldossier"	"{985B3F3D-1940-46b6-8F72-E20F6C282D03}"	"Date"	"datum verdaagd naar ministerraad"	"De datum van de ministerraard naar waar een deeldossier is verdaagd."	""	""	"false"	"https://data.vlaanderen.be/ns/besluitvorming#"	"datumVerdaagdNaarMR"	"http://www.w3.org/2002/07/owl#DatatypeProperty"	"http://dbpedia.org/ontology/UnitOfWork"	"http://www.w3.org/2001/XMLSchema#date"	"http://purl.org/dc/terms/date"	"1"	"1"
"attribute"	"Informatiemodel-Besluitvorming"	"korteTitel"	"{7ED7C04F-6773-4af0-8CAF-45EF3FDFFE6D}"	""	"Deeldossier"	"{985B3F3D-1940-46b6-8F72-E20F6C282D03}"	"String"	"korte titel"	"De verkorte titel van een deeldossier."	""	""	"true"	"http://purl.org/dc/terms/"	"alternative"	"http://www.w3.org/2002/07/owl#DatatypeProperty"	"http://dbpedia.org/ontology/UnitOfWork"	"http://www.w3.org/2001/XMLSchema#string"	""	"1"	"1"
"attribute"	"Informatiemodel-Besluitvorming"	"opmerking"	"{966D4234-9D99-4e45-A81C-AAD44FD2EE98}"	""	"Deeldossier"	"{985B3F3D-1940-46b6-8F72-E20F6C282D03}"	"String"	"opmerking"	"Een opmerking gegeven bij een deeldossier."	""	""	"true"	"https://www.w3.org/2000/01/rdf-schema#"	"comment"	"http://www.w3.org/2002/07/owl#DatatypeProperty"	"http://dbpedia.org/ontology/UnitOfWork"	"http://www.w3.org/2001/XMLSchema#string"	""	"0"	"*"
"attribute"	"Informatiemodel-Besluitvorming"	"titel"	"{3F9FE6E3-080C-492c-97C6-4AE4F2D1B0F5}"	""	"Deeldossier"	"{985B3F3D-1940-46b6-8F72-E20F6C282D03}"	"String"	"titel"	"De titel van een deeldossier."	""	""	"true"	"http://purl.org/dc/terms/"	"title"	"http://www.w3.org/2002/07/owl#DatatypeProperty"	"http://dbpedia.org/ontology/UnitOfWork"	"http://www.w3.org/2001/XMLSchema#string"	""	"1"	"1"
"attribute"	"Informatiemodel-Besluitvorming"	"type"	"{4467DA5E-45BC-4d6e-8356-9C665000C7DF}"	""	"Deeldossier"	"{985B3F3D-1940-46b6-8F72-E20F6C282D03}"	"TypeDossier"	"type van dossier"	"Het type van een deeldossier."	""	""	"true"	"http://purl.org/dc/terms/"	"type"	"http://www.w3.org/2002/07/owl#ObjectProperty"	"http://dbpedia.org/ontology/UnitOfWork"	"http://www.w3.org/2004/02/skos/core#Concept"	""	"1"	"1"
"attribute"	"Informatiemodel-Besluitvorming"	"actieveOpenbaarheid"	"{907F419A-9EB0-4fba-9E07-F74E33B35368}"	""	"Dossier"	"{F6B5B3F6-87FA-4f9b-B09B-B0D10B2C080D}"	"Boolean"	"actieve openbaarheid"	"De indicator die aangeeft of een dossier voor iedereen zichtbaar is."	""	""	"false"	"https://data.vlaanderen.be/ns/besluitvorming#"	"actieveOpenbaarheid"	"http://www.w3.org/2002/07/owl#DatatypeProperty"	"http://www.w3.org/2000/01/rdf-schema#Resource"	"http://www.w3.org/2001/XMLSchema#boolean"	""	"1"	"1"
"attribute"	"Informatiemodel-Besluitvorming"	"aangemaakt"	"{9EDC98EF-DCAF-4d78-95E7-E1E6D95D22F5}"	""	"Dossier"	"{F6B5B3F6-87FA-4f9b-B09B-B0D10B2C080D}"	"DateTime"	"aangemaakt"	"De datum waarop een dossier werd aangemaakt."	""	""	"true"	"http://purl.org/dc/terms/"	"created"	"http://www.w3.org/2002/07/owl#DatatypeProperty"	"http://dbpedia.org/ontology/Case"	"http://www.w3.org/2001/XMLSchema#dateTime"	""	"1"	"1"
"attribute"	"Informatiemodel-Besluitvorming"	"gearchiveerd"	"{2688000E-3006-4b13-9E2C-3F5D6C4F0E9A}"	""	"Dossier"	"{F6B5B3F6-87FA-4f9b-B09B-B0D10B2C080D}"	"Boolean"	"gearchiveerd"	"De indicator die aangeeft of een dossier gearchiveerd is."	""	""	"false"	"https://data.vlaanderen.be/ns/besluitvorming#"	"gearchiveerd"	"http://www.w3.org/2002/07/owl#DatatypeProperty"	"http://dbpedia.org/ontology/Case"	"http://www.w3.org/2001/XMLSchema#boolean"	""	"1"	"1"
"attribute"	"Informatiemodel-Besluitvorming"	"korteTitel"	"{4C0DAAE0-88EF-46a1-B299-7461BEF355CF}"	""	"Dossier"	"{F6B5B3F6-87FA-4f9b-B09B-B0D10B2C080D}"	"String"	"korte titel"	"De verkorte titel van een dossier."	""	""	"true"	"http://purl.org/dc/terms/"	"alternative"	"http://www.w3.org/2002/07/owl#DatatypeProperty"	"http://dbpedia.org/ontology/Case"	"http://www.w3.org/2001/XMLSchema#string"	"http://purl.org/dc/terms/alternative"	"1"	"1"
"attribute"	"Informatiemodel-Besluitvorming"	"nummer"	"{2F784234-F43A-4c40-BD3F-557448EC2990}"	""	"Dossier"	"{F6B5B3F6-87FA-4f9b-B09B-B0D10B2C080D}"	"Integer"	"nummer"	"Het nummer dat een dossier identificeert."	""	""	"false"	"https://data.vlaanderen.be/ns/besluitvorming#"	"nummer"	"http://www.w3.org/2002/07/owl#DatatypeProperty"	"http://www.w3.org/2000/01/rdf-schema#Resource"	"http://www.w3.org/2001/XMLSchema#integer"	"http://www.w3.org/ns/adms#identifier"	"1"	"1"
"attribute"	"Informatiemodel-Besluitvorming"	"opmerking"	"{104696E2-C6C6-41e8-8755-53596A7FA610}"	""	"Dossier"	"{F6B5B3F6-87FA-4f9b-B09B-B0D10B2C080D}"	"String"	"opmerking"	"Een opmerking horende bij een dossier."	""	""	"true"	"https://www.w3.org/2000/01/rdf-schema#"	"comment"	"http://www.w3.org/2002/07/owl#DatatypeProperty"	"http://dbpedia.org/ontology/Case"	"http://www.w3.org/2001/XMLSchema#string"	""	"0"	"*"
"attribute"	"Informatiemodel-Besluitvorming"	"thema"	"{FEC606A7-C6CE-48c7-9BA0-0BF9E79843E8}"	""	"Dossier"	"{F6B5B3F6-87FA-4f9b-B09B-B0D10B2C080D}"	"Thema"	"thema"	"Het thema van een dossier."	""	""	"true"	"http://purl.org/dc/terms/"	"subject"	"http://www.w3.org/2002/07/owl#ObjectProperty"	"http://dbpedia.org/ontology/Case"	"http://www.w3.org/2004/02/skos/core#Concept"	""	"0"	"*"
"attribute"	"Informatiemodel-Besluitvorming"	"titel"	"{98CB70A9-45BD-4b6a-B069-05F19A79E3D6}"	""	"Dossier"	"{F6B5B3F6-87FA-4f9b-B09B-B0D10B2C080D}"	"String"	"titel"	"De titel van een dossier."	""	""	"true"	"http://purl.org/dc/terms/"	"title"	"http://www.w3.org/2002/07/owl#DatatypeProperty"	"http://dbpedia.org/ontology/Case"	"http://www.w3.org/2001/XMLSchema#string"	""	"1"	"1"
"attribute"	"Informatiemodel-Besluitvorming"	"type"	"{07902B9D-264E-4be7-8B03-A7E44B12E3B1}"	""	"Dossier"	"{F6B5B3F6-87FA-4f9b-B09B-B0D10B2C080D}"	"TypeDossier"	"type"	"Het type van een dossier."	""	""	"true"	"http://purl.org/dc/terms/"	"type"	"http://www.w3.org/2002/07/owl#ObjectProperty"	"http://dbpedia.org/ontology/Case"	"http://www.w3.org/2004/02/skos/core#Concept"	""	"1"	"1"
"attribute"	"Informatiemodel-Besluitvorming"	"advies"	"{EFB49D83-73CE-4a83-A140-3A426FB511E5}"	""	"TypeDocument"	"{686D21D4-33E4-4ec1-A785-BF193E7BC331}"	""	""	"TODO"	""	""	"false"	"https://data.vlaanderen.be/ns/besluitvorming/TypeDocument/"	"https://data.vlaanderen.be/ns/besluitvorming/TypeDocument/advies"	"http://www.w3.org/2004/02/skos/core#Concept"	""	""	""	""	""
"attribute"	"Informatiemodel-Besluitvorming"	"akkoordBestuurszaken"	"{E000384A-0714-413f-A711-A46DF57A37A3}"	""	"TypeDocument"	"{686D21D4-33E4-4ec1-A785-BF193E7BC331}"	""	""	"TODO"	""	""	"false"	"https://data.vlaanderen.be/ns/besluitvorming/TypeDocument/"	"https://data.vlaanderen.be/ns/besluitvorming/TypeDocument/akkoordBestuurszaken"	"http://www.w3.org/2004/02/skos/core#Concept"	""	""	""	""	""
"attribute"	"Informatiemodel-Besluitvorming"	"begrotingsAkkoord"	"{4F357725-1458-4517-8B7D-20ACEE815862}"	""	"TypeDocument"	"{686D21D4-33E4-4ec1-A785-BF193E7BC331}"	""	""	"TODO"	""	""	"false"	"https://data.vlaanderen.be/ns/besluitvorming/TypeDocument/"	"https://data.vlaanderen.be/ns/besluitvorming/TypeDocument/begrotingsAkkoord"	"http://www.w3.org/2004/02/skos/core#Concept"	""	""	""	""	""
"attribute"	"Informatiemodel-Besluitvorming"	"beleidsbrief"	"{AE1166C7-AED3-47ac-B2EE-F91496E95924}"	""	"TypeDocument"	"{686D21D4-33E4-4ec1-A785-BF193E7BC331}"	""	""	"TODO"	""	""	"false"	"https://data.vlaanderen.be/ns/besluitvorming/TypeDocument/"	"https://data.vlaanderen.be/ns/besluitvorming/TypeDocument/beleidsbrief"	"http://www.w3.org/2004/02/skos/core#Concept"	""	""	""	""	""
"attribute"	"Informatiemodel-Besluitvorming"	"beleidsnota"	"{4EE61AC4-2CA9-45e8-A415-799744B15CD6}"	""	"TypeDocument"	"{686D21D4-33E4-4ec1-A785-BF193E7BC331}"	""	""	"TODO"	""	""	"false"	"https://data.vlaanderen.be/ns/besluitvorming/TypeDocument/"	"https://data.vlaanderen.be/ns/besluitvorming/TypeDocument/beleidsnota"	"http://www.w3.org/2004/02/skos/core#Concept"	""	""	""	""	""
"attribute"	"Informatiemodel-Besluitvorming"	"besluitVR"	"{6402DA22-3C41-4aeb-B08D-1F2F69CA9850}"	""	"TypeDocument"	"{686D21D4-33E4-4ec1-A785-BF193E7BC331}"	""	""	"TODO"	""	""	"false"	"https://data.vlaanderen.be/ns/besluitvorming/TypeDocument/"	"https://data.vlaanderen.be/ns/besluitvorming/TypeDocument/besluitVR"	"http://www.w3.org/2004/02/skos/core#Concept"	""	""	""	""	""
"attribute"	"Informatiemodel-Besluitvorming"	"bijlage"	"{61C67A27-CF8E-4342-A8B9-A7F126CFF23C}"	""	"TypeDocument"	"{686D21D4-33E4-4ec1-A785-BF193E7BC331}"	""	""	"TODO"	""	""	"false"	"https://data.vlaanderen.be/ns/besluitvorming/TypeDocument/"	"https://data.vlaanderen.be/ns/besluitvorming/TypeDocument/bijlage"	"http://www.w3.org/2004/02/skos/core#Concept"	""	""	""	""	""
"attribute"	"Informatiemodel-Besluitvorming"	"bijlageBesluitVR"	"{234CB54B-0946-4bfc-8045-68FC5FFAB305}"	""	"TypeDocument"	"{686D21D4-33E4-4ec1-A785-BF193E7BC331}"	""	""	"TODO"	""	""	"false"	"https://data.vlaanderen.be/ns/besluitvorming/TypeDocument/"	"https://data.vlaanderen.be/ns/besluitvorming/TypeDocument/bijlageBesluitVR"	"http://www.w3.org/2004/02/skos/core#Concept"	""	""	""	""	""
"attribute"	"Informatiemodel-Besluitvorming"	"decreet"	"{97FDB972-4BB9-4ccd-8E43-5BF93CFF5344}"	""	"TypeDocument"	"{686D21D4-33E4-4ec1-A785-BF193E7BC331}"	""	""	"TODO"	""	""	"false"	"https://data.vlaanderen.be/ns/besluitvorming/TypeDocument/"	"https://data.vlaanderen.be/ns/besluitvorming/TypeDocument/decreet"	"http://www.w3.org/2004/02/skos/core#Concept"	""	""	""	""	""
"attribute"	"Informatiemodel-Besluitvorming"	"inspectieFinanciën"	"{45AE452D-7009-4cc8-97CD-BA0C68932C5E}"	""	"TypeDocument"	"{686D21D4-33E4-4ec1-A785-BF193E7BC331}"	""	""	"TODO"	""	""	"false"	"https://data.vlaanderen.be/ns/besluitvorming/TypeDocument/"	"https://data.vlaanderen.be/ns/besluitvorming/TypeDocument/inspectieFinanciën"	"http://www.w3.org/2004/02/skos/core#Concept"	""	""	""	""	""
"attribute"	"Informatiemodel-Besluitvorming"	"mededeling"	"{F7F2506A-D415-4db3-B28F-FFA0BF7137B1}"	""	"TypeDocument"	"{686D21D4-33E4-4ec1-A785-BF193E7BC331}"	""	""	"TODO"	""	""	"false"	"https://data.vlaanderen.be/ns/besluitvorming/TypeDocument/"	"https://data.vlaanderen.be/ns/besluitvorming/TypeDocument/mededeling"	"http://www.w3.org/2004/02/skos/core#Concept"	""	""	""	""	""
"attribute"	"Informatiemodel-Besluitvorming"	"memorie"	"{DE854B60-A13E-47eb-A08D-C92E0402B2E4}"	""	"TypeDocument"	"{686D21D4-33E4-4ec1-A785-BF193E7BC331}"	""	""	"TODO"	""	""	"false"	"https://data.vlaanderen.be/ns/besluitvorming/TypeDocument/"	"https://data.vlaanderen.be/ns/besluitvorming/TypeDocument/memorie"	"http://www.w3.org/2004/02/skos/core#Concept"	""	""	""	""	""
"attribute"	"Informatiemodel-Besluitvorming"	"ministerieelBesluit"	"{A95D3415-71A0-40bd-86E7-CABBB4CC2EB6}"	""	"TypeDocument"	"{686D21D4-33E4-4ec1-A785-BF193E7BC331}"	""	""	"TODO"	""	""	"false"	"https://data.vlaanderen.be/ns/besluitvorming/TypeDocument/"	"https://data.vlaanderen.be/ns/besluitvorming/TypeDocument/ministerieelBesluit"	"http://www.w3.org/2004/02/skos/core#Concept"	""	""	""	""	""
"attribute"	"Informatiemodel-Besluitvorming"	"nota"	"{D5838D60-0AEB-43b0-8938-BA10743CA4EB}"	""	"TypeDocument"	"{686D21D4-33E4-4ec1-A785-BF193E7BC331}"	""	""	"TODO"	""	""	"false"	"https://data.vlaanderen.be/ns/besluitvorming/TypeDocument/"	"https://data.vlaanderen.be/ns/besluitvorming/TypeDocument/nota"	"http://www.w3.org/2004/02/skos/core#Concept"	""	""	""	""	""
"attribute"	"Informatiemodel-Besluitvorming"	"verslagAanVR"	"{2E992F87-4AC9-4b69-B088-CE92D5B6443F}"	""	"TypeDocument"	"{686D21D4-33E4-4ec1-A785-BF193E7BC331}"	""	""	"TODO"	""	""	"false"	"https://data.vlaanderen.be/ns/besluitvorming/TypeDocument/"	"https://data.vlaanderen.be/ns/besluitvorming/TypeDocument/verslagAanVR"	"http://www.w3.org/2004/02/skos/core#Concept"	""	""	""	""	""
"attribute"	"Informatiemodel-Besluitvorming"	"behandelingVlaamsParlement"	"{7ECF5F91-2A59-4e93-B585-DE645935E348}"	""	"TypeDossier"	"{06EFAF97-012C-472f-9825-141F6900DF33}"	""	""	"TODO"	""	""	"false"	"https://data.vlaanderen.be/ns/besluitvorming/TypeDossier/"	"https://data.vlaanderen.be/ns/besluitvorming/TypeDossier/behandelingVlaamsParlement"	"http://www.w3.org/2004/02/skos/core#Concept"	""	""	""	""	""
"attribute"	"Informatiemodel-Besluitvorming"	"mededeling"	"{310C981E-32C3-4748-978A-9B4C91C21937}"	""	"TypeDossier"	"{06EFAF97-012C-472f-9825-141F6900DF33}"	""	""	"TODO"	""	""	"false"	"https://data.vlaanderen.be/ns/besluitvorming/TypeDossier/"	"https://data.vlaanderen.be/ns/besluitvorming/TypeDossier/mededeling"	"http://www.w3.org/2004/02/skos/core#Concept"	""	""	""	""	""
"attribute"	"Informatiemodel-Besluitvorming"	"ministerieelBesluit"	"{F10E8437-D2A9-40bd-97CB-F542FF834233}"	""	"TypeDossier"	"{06EFAF97-012C-472f-9825-141F6900DF33}"	""	""	"TODO"	""	""	"false"	"https://data.vlaanderen.be/ns/besluitvorming/TypeDossier/"	"https://data.vlaanderen.be/ns/besluitvorming/TypeDossier/ministerieelBesluit"	"http://www.w3.org/2004/02/skos/core#Concept"	""	""	""	""	""
"attribute"	"Informatiemodel-Besluitvorming"	"ministerraad"	"{088855CA-1DC6-4597-A19E-6FCF8D20BDC6}"	""	"TypeDossier"	"{06EFAF97-012C-472f-9825-141F6900DF33}"	""	""	"TODO"	""	""	"false"	"https://data.vlaanderen.be/ns/besluitvorming/TypeDossier/"	"https://data.vlaanderen.be/ns/besluitvorming/TypeDossier/ministerraad"	"http://www.w3.org/2004/02/skos/core#Concept"	""	""	""	""	""
"attribute"	"Informatiemodel-Besluitvorming"	"overlegcomité"	"{93D99BD4-9EFA-4726-8969-DC31A2F6B2E4}"	""	"TypeDossier"	"{06EFAF97-012C-472f-9825-141F6900DF33}"	""	""	"TODO"	""	""	"false"	"https://data.vlaanderen.be/ns/besluitvorming/TypeDossier/"	"https://data.vlaanderen.be/ns/besluitvorming/TypeDossier/overlegcomité"	"http://www.w3.org/2004/02/skos/core#Concept"	""	""	""	""	""
